{
    "Genesis": {
        "NetworkName": "",
        "Wallets": [
            {
                "Name": "Wallet1",
                "Stake": 10,
                "Online": true
            },
            {
                "Name": "Wallet2",
                "Stake": 40,
                "Online": true
            },
            {
                "Name": "Wallet3",
                "Stake": 40,
                "Online": false
            },
            {
                "Name": "Wallet4",
                "Stake": 10,
                "Online": false
            }
        ]
    },
    "Nodes": [
        {
            "Name": "Primary",
            "IsRelay": true,
            "Wallets": [
                {
                    "Name": "Wallet1",
                    "ParticipationOnly": false
                }
            ]
        },
        {
            "Name": "Node",
            "Wallets": [
                {
                    "Name": "Wallet2",
                    "ParticipationOnly": false
                },
                {
                    "Name": "Wallet3",
                    "ParticipationOnly": false
                },
                {
                    "Name": "Wallet4",
                    "ParticipationOnly": false
                }
            ]
        }
    ]
}
