<component name="ProjectRunConfigurationManager">
  <configuration default="false" name="guardian-0 logs" type="ShConfigurationType">
    <option name="INDEPENDENT_SCRIPT_PATH" value="true" />
    <option name="SCRIPT_PATH" value="$PROJECT_DIR$/scripts/tail.sh" />
    <option name="SCRIPT_OPTIONS" value="guardian-0" />
    <option name="INDEPENDENT_SCRIPT_WORKING_DIRECTORY" value="true" />
    <option name="SCRIPT_WORKING_DIRECTORY" value="$PROJECT_DIR$" />
    <option name="INDEPENDENT_INTERPRETER_PATH" value="true" />
    <option name="INTERPRETER_PATH" value="/bin/bash" />
    <option name="INTERPRETER_OPTIONS" value="" />
    <method v="2" />
  </configuration>
</component>