{
  "userProfile": {
    "name": "Elizabeth Johnson",
    "bio": "Elizabeth Johnson, a remarkable historian with a keen interest in the medieval era, stands as a beacon of knowledge and insight in the academic realm. Born in a quaint town steeped in history, her surroundings molded her into a person with an insatiable curiosity about bygone eras. For over two decades, she has meticulously researched, excavated truths, and crafted detailed narratives about 13th-century Europe. Her work primarily focuses on the delicate web of sociopolitical dynamics, the magnificence of architectural evolution, and the deep-rooted cultural shifts of that era. A fervent believer in bridging the gap between the past and present, Elizabeth often emphasizes the lessons contemporary society can glean from history. One of the hallmarks of her research is the way she illuminates lesser-known historic figures. While monarchs and generals often dominate historical narratives, Elizabeth's writings delve into the lives of commoners, artisans, merchants, and other individuals who, in her view, played just as crucial a role in shaping the events of the time. Through her lens, bustling medieval marketplaces come alive, echoing with the cacophony of traders, the allure of spices and silks from distant lands, and the artistry of craftsmen perfecting their trade. Elizabeth's passion for history was kindled during her formative years, largely influenced by her grandmother's tales. She recalls nights by the fireside, enchanted by stories of ancient ancestors – knights, scholars, and artisans – who once walked the same cobbled streets of her hometown. Such early exposure to rich oral traditions solidified her belief in the power of storytelling, pushing her towards a life dedicated to unearthing and narrating history's treasures. Her magnum opus, 'Knights and Castles: A Detailed Journey Through Medieval Europe', serves as a testament to her decade-long dedication to the subject. Not just a historical account, the book intertwines tales of valor, political intrigue, daily life struggles, and the ever-evolving socio-economic landscape, painting a vivid, multi-dimensional portrait of life in 13th-century Europe. This seminal work, marked by her meticulous nature, analytical prowess, and sheer determination, has been lauded by peers and is considered an essential read for anyone intrigued by medieval history. Outside the confines of her study filled with dusty tomes and ancient artifacts, Elizabeth often travels to historical sites, soaking in the ambiance, imagining the lives of those who once graced those places. These travels, she believes, add depth to her writings, allowing her to narrate history not as detached events of the past but as lived experiences that continue to resonate. In her personal life, Elizabeth cherishes moments of solitude, often taking long walks amidst nature. She believes that the whispers of the past are most audible in silence. An advocate for preserving history, she actively collaborates with organizations dedicated to maintaining historical landmarks, ensuring that future generations can experience and learn from the tangible remnants of our rich past.",
    "publications": [
      {
        "title": "The Dawn of Chivalry: Europe in the 1200s",
        "description": "This book offers a comprehensive look at the inception and evolution of chivalry. Elizabeth explores the code of conduct adopted by knights and delves deep into the ceremonial practices, tournaments, and battles that marked the era. She also touches upon the romanticized version of chivalry portrayed in literature and contrasts it with real historical events."
      },
      {
        "title": "Cathedrals and Keeps: Architecture of the Middle Ages",
        "description": "A visually stunning exploration of the architectural wonders of medieval Europe. Elizabeth delves into the construction techniques, materials used, and the societal significance of these structures. The book boasts detailed sketches, reconstructions, and photographs of famous cathedrals, keeps, and fortifications from various regions."
      },
      {
        "title": "Merchant Guilds and Craftsmen: The Economic Pulse of Medieval Towns",
        "description": "A deep dive into the bustling market towns of the medieval era. Elizabeth chronicles the rise of merchant guilds, their influence on trade policies, and their role in shaping the urban landscape. She also sheds light on the lives of craftsmen, their guilds, and the intricate socio-economic web that bound the townsfolk."
      }
    ],
    "conferences": {
      "presented": [
        {
          "name": "Medieval History Symposium 2020",
          "topic": "The Role of Women in 13th Century Politics",
          "description": "Elizabeth delivered a captivating talk on the often-underrepresented role of women in medieval politics. She brought forth accounts of queens, regents, and noblewomen who wielded significant power, both overtly and behind the scenes. Her presentation was supplemented by letters, manuscripts, and artifacts that provided tangible evidence of these powerful women's influences."
        },
        {
          "name": "Architectural Summit 2018",
          "topic": "Fortifications and Castles: More than Stone and Mortar",
          "description": "An in-depth look at the architectural marvels of medieval fortifications. Elizabeth discussed the strategic importance, design variations across regions, and the evolution of castle designs in response to warfare advancements. Her talk was punctuated by 3D reconstructions, virtual tours, and time-lapse videos of some of the most iconic castles."
        }
      ],
      "attended": [
        {
          "name": "Cultural Expo 2019",
          "description": "This conference was a gathering of historians, anthropologists, and researchers exploring the cultural evolution of various civilizations. Elizabeth attended sessions on music, art, and literature of the medieval era, enriching her holistic understanding of the period."
        }
      ]
    },
    "awards": [
      {
        "name": "Historian of the Year 2021",
        "awardingBody": "Global History Association",
        "description": "Elizabeth was honored with this prestigious award for her contributions to medieval history research, her dedication to bringing history to the public, and her collaborative efforts with educational institutions."
      },
      {
        "name": "Best Publication 2018",
        "awardingBody": "Historical Society of Europe",
        "description": "Her book, 'Knights and Castles', received acclaim for its depth, narrative style, and exhaustive research. This award recognized her effort in crafting such a seminal work."
      }
    ],
    "mentorship": {
      "ongoing": [
        {
          "name": "Dr. James Harrington",
          "field": "Renaissance Era",
          "description": "Elizabeth is mentoring Dr. Harrington in publishing his first book. She guides him in research methodologies, sourcing artifacts, and effective narrative construction."
        }
      ],
      "completed": [
        {
          "name": "Ms. Sarah Mitchell",
          "field": "Ancient Rome",
          "description": "Elizabeth mentored Ms. Mitchell during her Ph.D., assisting her in thesis construction, research techniques, and presentation skills. Sarah's thesis on 'Roman Senate's Influence on Provinces' was well-received in academic circles."
        }
      ]
    }
  }
}